State,mean,sd,hdi_2.5%,hdi_97.5%,mcse_mean,mcse_sd,ess_bulk,ess_tail,r_hat
AZ,0.816,0.113,0.593,1.037,0.001,0.001,7778.0,9439.0,1.0
NC,0.666,0.071,0.527,0.804,0.001,0.001,10458.0,10343.0,1.0
WA,0.63,0.058,0.516,0.744,0.001,0.0,10912.0,11091.0,1.0
UT,0.586,0.082,0.426,0.746,0.001,0.001,12749.0,10783.0,1.0
RI,0.577,0.103,0.379,0.78,0.001,0.001,14330.0,10883.0,1.0
NV,0.572,0.12,0.336,0.806,0.001,0.001,10886.0,9951.0,1.0
FL,0.543,0.065,0.417,0.67,0.0,0.001,18339.0,10770.0,1.0
NH,0.519,0.092,0.348,0.709,0.001,0.001,16284.0,9965.0,1.0
SC,0.506,0.055,0.398,0.615,0.0,0.0,17838.0,11113.0,1.0
NJ,0.493,0.064,0.364,0.612,0.0,0.001,17933.0,11634.0,1.0
MA,0.486,0.087,0.31,0.652,0.001,0.001,22587.0,10405.0,1.0
OH,0.485,0.084,0.317,0.649,0.001,0.001,13791.0,10917.0,1.0
OR,0.476,0.093,0.293,0.658,0.001,0.001,19851.0,11193.0,1.0
ME,0.437,0.088,0.265,0.609,0.001,0.001,19688.0,9881.0,1.0
VT,0.425,0.116,0.202,0.659,0.001,0.001,17934.0,9977.0,1.0
CA,0.422,0.042,0.34,0.502,0.0,0.0,28571.0,12084.0,1.0
TN,0.42,0.063,0.297,0.546,0.0,0.001,22310.0,11218.0,1.0
NE,0.413,0.117,0.188,0.644,0.001,0.001,18261.0,11265.0,1.0
KY,0.41,0.099,0.211,0.6,0.001,0.001,19263.0,10157.0,1.0
MI,0.409,0.054,0.302,0.511,0.0,0.0,18433.0,11109.0,1.0
PA,0.404,0.072,0.266,0.546,0.0,0.001,29575.0,11852.0,1.0
WI,0.404,0.101,0.201,0.598,0.001,0.001,20576.0,11297.0,1.0
MT,0.401,0.087,0.232,0.573,0.001,0.001,19247.0,10623.0,1.0
HI,0.396,0.106,0.189,0.607,0.001,0.001,17184.0,11031.0,1.0
ID,0.368,0.12,0.139,0.611,0.001,0.001,20252.0,11081.0,1.0
OK,0.366,0.109,0.155,0.579,0.001,0.001,18934.0,10570.0,1.0
CO,0.364,0.042,0.283,0.447,0.0,0.0,19359.0,11770.0,1.0
CT,0.363,0.119,0.132,0.6,0.001,0.001,21219.0,10750.0,1.0
DE,0.354,0.117,0.128,0.581,0.001,0.001,18662.0,10518.0,1.0
SD,0.325,0.112,0.112,0.554,0.001,0.001,18826.0,10903.0,1.0
GA,0.304,0.028,0.25,0.358,0.0,0.0,20925.0,12156.0,1.0
KS,0.287,0.08,0.131,0.443,0.001,0.001,20241.0,8981.0,1.0
WY,0.287,0.108,0.078,0.502,0.001,0.001,18992.0,11071.0,1.0
DC,0.273,0.091,0.1,0.456,0.001,0.001,18628.0,10341.0,1.0
AR,0.271,0.097,0.081,0.459,0.001,0.001,22551.0,11087.0,1.0
NY,0.264,0.044,0.172,0.346,0.0,0.0,28097.0,11753.0,1.0
AL,0.259,0.11,0.039,0.467,0.001,0.001,25045.0,11570.0,1.0
IL,0.259,0.103,0.046,0.453,0.001,0.001,23210.0,12415.0,1.0
TX,0.249,0.046,0.159,0.338,0.0,0.0,26248.0,11835.0,1.0
IA,0.249,0.097,0.05,0.433,0.001,0.001,21249.0,11257.0,1.0
IN,0.249,0.034,0.182,0.316,0.0,0.0,17952.0,11646.0,1.0
VA,0.232,0.049,0.138,0.327,0.0,0.0,27399.0,12426.0,1.0
AK,0.229,0.103,0.032,0.438,0.001,0.001,16243.0,10387.0,1.0
MO,0.217,0.073,0.078,0.365,0.0,0.001,27100.0,11513.0,1.0
MN,0.206,0.05,0.108,0.304,0.0,0.0,17418.0,10311.0,1.0
WV,0.201,0.108,-0.007,0.418,0.001,0.001,18975.0,11255.0,1.0
ND,0.184,0.105,-0.023,0.39,0.001,0.001,19442.0,10450.0,1.0
MS,0.175,0.091,-0.004,0.351,0.001,0.001,21373.0,11236.0,1.0
MD,0.166,0.046,0.078,0.256,0.0,0.0,14605.0,10888.0,1.0
LA,0.159,0.083,-0.003,0.32,0.001,0.001,23078.0,11316.0,1.0
