,mean,sd,hdi_2.5%,hdi_97.5%,mcse_mean,mcse_sd,ess_bulk,ess_tail,r_hat
mu_alpha,6.221,0.062,6.1,6.343,0.0,0.001,15716.0,11865.0,1.0
mu_beta,0.375,0.03,0.314,0.434,0.0,0.0,17667.0,11714.0,1.0
tau_state,10.136,3.469,4.472,17.117,0.05,0.035,4560.0,8775.0,1.0
tau_alpha,11.284,0.786,9.698,12.78,0.012,0.006,4188.0,9410.0,1.0
tau_beta,37.05,12.022,17.069,60.959,0.172,0.128,4805.0,8905.0,1.0
sigma_state,0.327,0.055,0.229,0.437,0.001,0.0,4560.0,8775.0,1.0
sigma_alpha,0.298,0.01,0.278,0.319,0.0,0.0,4188.0,9410.0,1.0
sigma_beta,0.171,0.027,0.12,0.224,0.0,0.0,4805.0,8905.0,1.0
gamma,0.077,0.134,-0.186,0.341,0.001,0.001,18890.0,11542.0,1.0
