State,mean,hdi_2.5%,hdi_97.5%,tier,population,units,n_cty,pop_share,unit_share,n_obs,ols_slope,ols_ci_width
UT,0.414,0.313,0.521,positive,3261653.0,27231.0,19,0.010308643469355132,0.010059850773892931,122,0.5328682734448783,0.31263077949875995
HI,0.384,0.267,0.502,positive,1437329.0,11591.0,4,0.00454276166384491,0.004282021604795746,43,0.39226222831459595,0.2400289122079305
CO,0.378,0.318,0.438,positive,5740042.0,57177.0,41,0.018141735640524657,0.021122694271193718,237,0.32666750449376303,0.13392175402805817
DC,0.36,0.241,0.483,positive,678972.0,27282.0,1,0.002145930383665887,0.010078691521183465,23,0.44150761951681516,0.1760675727279204
MT,0.35,0.214,0.491,positive,947855.0,8963.0,22,0.0029957506993066427,0.0033111689797070375,69,0.6021865367238447,0.3623226157294048
WA,0.3,0.248,0.353,positive,7685401.0,111873.0,32,0.024290155583081768,0.04132884160066556,257,0.30860352310427347,0.12679546499848737
ID,0.295,0.148,0.438,positive,1549242.0,9637.0,22,0.0048964691908522096,0.0035601623850760595,82,0.34687032298278614,0.5040214435558175
OR,0.282,0.188,0.375,positive,4106274.0,39299.0,28,0.012978117124501832,0.014518088779817792,176,0.37020932531478346,0.3078901103762812
WY,0.242,0.079,0.407,positive,541523.0,5015.0,17,0.0017115148476725141,0.001852673483569206,40,0.6483201283921954,0.34039518284664627
AZ,0.242,0.147,0.339,positive,7333139.0,35605.0,13,0.02317681110229182,0.01315342759371517,132,0.3153363777486872,0.27969670966348836
VT,0.22,0.153,0.282,positive,640136.0,7054.0,13,0.002023186953332901,0.0026059339487731164,146,0.2245786402765483,0.07405285614184925
CA,0.212,0.175,0.248,positive,38907001.0,373299.0,54,0.12296783311126094,0.13790651221194436,739,0.16619367254961503,0.12453549470374708
SD,0.205,0.056,0.356,positive,587581.0,6108.0,11,0.001857083827852674,0.002256456557854578,40,0.43480291467412463,0.4244213270111999
TX,0.203,0.149,0.26,positive,27890932.0,186121.0,114,0.08815090814872951,0.0687580142443438,443,0.24745410568906012,0.11887954817078872
AK,0.198,0.062,0.336,positive,622058.0,6180.0,9,0.0019660503858810593,0.002283055259911803,50,0.16633314292178453,0.182290840782658
IN,0.175,0.122,0.228,positive,6532644.0,60622.0,74,0.02064680022927699,0.022395368279348436,275,0.20563248771737844,0.09539162744531288
ME,0.158,0.072,0.239,positive,1351626.0,9847.0,15,0.004271892361912993,0.0036377419327429652,110,0.17124914290394488,0.1476563625262346
NY,0.153,0.121,0.184,positive,19597480.0,249415.0,60,0.061938972115616775,0.09214048991114926,582,0.14437198830759854,0.04983257483835064
NE,0.152,0.066,0.237,positive,1719389.0,11775.0,35,0.005434228652199069,0.004349996065608654,112,0.19249418278985966,0.15708032981638514
KS,0.151,0.06,0.241,positive,2610375.0,14474.0,46,0.008250241578830704,0.005347077966337126,146,0.35889542378865025,0.2151253971766327
TN,0.148,0.101,0.193,positive,6765174.0,62290.0,86,0.02138172478008885,0.023011571543674145,319,0.1605995230950283,0.09444672149640276
ND,0.134,-0.021,0.281,zero,597752.0,6919.0,12,0.0018892298632300765,0.0025560613824158196,39,0.26979408518715886,0.4892817465457513
RI,0.129,0.03,0.233,positive,1094346.0,13056.0,5,0.0034587440006999246,0.004823231306376781,49,0.10866554904857495,0.2731658586242009
PA,0.127,0.064,0.19,positive,12623465.0,45940.0,54,0.039897193243083516,0.016971449618179327,332,0.14597540854090502,0.08280844575547518
GA,0.109,0.066,0.15,positive,10616359.0,68992.0,138,0.03355361832594687,0.02548746739350083,542,0.15690993373899478,0.1132719466103272
FL,0.105,0.041,0.168,positive,21288930.0,177532.0,55,0.06728489793796537,0.06558501074476736,406,0.15197789504612025,0.2055310301580382
DE,0.104,-0.054,0.26,zero,986046.0,9459.0,3,0.0031164555697322034,0.0034944044827679203,39,0.06733835284665747,0.3669788603607133
NC,0.103,0.06,0.146,positive,10445522.0,73566.0,85,0.03301367807958276,0.02717722382696953,531,0.12521379303270644,0.08137019341141244
VA,0.102,0.066,0.14,positive,7939857.0,98996.0,97,0.025094378528514108,0.036571737623014376,486,0.11851315710510499,0.07047069242722388
WI,0.098,-0.024,0.226,zero,5528786.0,24872.0,56,0.017474048800519885,0.009188373855101354,207,0.08634815470840489,0.28126035642703134
NH,0.098,0.006,0.19,positive,1385885.0,9524.0,10,0.004380169918298248,0.0035184171999029148,112,0.10698428175581849,0.19335798204508237
MN,0.097,0.037,0.157,positive,5167368.0,52595.0,49,0.01633176625071848,0.01942998242638532,243,0.11020968726802245,0.12194067781481069
IA,0.086,0.012,0.164,positive,2556873.0,22147.0,44,0.008081145404928257,0.008181686867518884,140,0.0975815160348552,0.1124668347009403
MD,0.072,0.031,0.113,positive,6151946.0,60110.0,24,0.019443582121312544,0.02220622195360817,252,0.06829014792347267,0.0889115913587146
SC,0.068,0.015,0.117,positive,5313144.0,37004.0,46,0.01679249975314462,0.013670255151743749,302,0.09158701631802378,0.08784894839726967
MS,0.06,-0.047,0.165,zero,2167873.0,28367.0,41,0.006851688344480948,0.010479519184129146,95,0.2657636300449497,0.26242385760491505
OK,0.052,-0.008,0.117,zero,3819880.0,23762.0,55,0.012072952277792972,0.008778310531719137,231,0.05144111207529339,0.0783211574800729
KY,0.032,-0.024,0.089,zero,4007358.0,27359.0,88,0.012665487369768655,0.010107137355327997,241,0.029184167000756024,0.08921571148879384
NV,0.015,-0.094,0.126,zero,3162380.0,29813.0,13,0.00999488539541738,0.011013709783778412,74,0.15570669627904485,0.5602353453652325
WV,0.011,-0.063,0.083,zero,1537333.0,10045.0,36,0.004858830105677745,0.0037108883634003336,103,-0.009817670392978402,0.07551493229688083
LA,0.009,-0.052,0.069,zero,4124733.0,44896.0,46,0.013036457864550153,0.016585768438349566,182,0.024047407449573278,0.0683858033091469
MA,0.004,-0.087,0.094,zero,6980365.0,48725.0,13,0.022061848415807914,0.018000302190809482,178,-0.020505165717577392,0.17474099356834444
MO,-0.005,-0.078,0.073,zero,5529004.0,61224.0,64,0.017474737802163014,0.02261776298266023,267,0.0507543811897284,0.1707292956799823
AR,-0.006,-0.05,0.038,zero,2672024.0,22883.0,47,0.008445086818726633,0.008453584710770517,201,0.0030055742077772906,0.04849786839600267
AL,-0.016,-0.096,0.061,zero,4259942.0,27350.0,41,0.013463793750632468,0.010103812517570844,150,-0.009674528757180428,0.15767065222891471
NJ,-0.03,-0.081,0.021,zero,9261174.0,75354.0,21,0.029270477538126078,0.027837758261390618,270,-0.0291716047677018,0.09768495622824655
MI,-0.085,-0.13,-0.042,negative,9747713.0,80865.0,68,0.030808212264946063,0.029873667248020704,385,-0.09537588019783612,0.11905644441355925
OH,-0.12,-0.176,-0.062,negative,11600177.0,112340.0,83,0.036663032172463965,0.04150136373762006,490,-0.1317941096867377,0.09538398008124599
IL,-0.139,-0.223,-0.057,negative,11753372.0,77165.0,55,0.037147213854662485,0.028506789503413316,183,-0.12740550582102364,0.1543453387672677
CT,-0.166,-0.322,-0.026,negative,3574393.0,15181.0,8,0.011297076377026831,0.005608262443482376,68,-0.3109668655596774,0.3629855529210714
